location,date,stringency_index,reproduction_rate,new_deaths_smoothed_per_million,weekly_icu_admissions_per_million,people_vaccinated_per_hundred,human_development_index,%_of_mixed_sentiments,%_of_negative_sentiments,%_of_neutral_sentiments,%_of_positive_sentiments
Argentina,1/1/2022,44.44,2,0.504,-,85,0.845,2.75862069,36.55172414,55.86206897,4.827586207
Argentina,2/1/2022,44.44,1.98,0.529,-,85.04,0.845,2.040816327,34.69387755,53.06122449,10.20408163
Argentina,3/1/2022,44.44,1.99,0.561,-,85.2,0.845,0.636942675,37.57961783,54.14012739,7.643312102
Argentina,4/1/2022,44.44,2,0.655,-,85.38,0.845,1.098901099,40.65934066,49.45054945,8.791208791
Argentina,5/1/2022,44.44,1.99,0.736,-,85.57,0.845,0.641025641,36.53846154,57.05128205,5.769230769
Argentina,6/1/2022,35.19,1.94,0.752,-,85.78,0.845,44.44444444,49.07407407,6.481481481,0.00E+00
Argentina,7/1/2022,35.19,1.87,0.811,-,85.98,0.845,0.966183575,30.43478261,58.45410628,10.14492754
Argentina,8/1/2022,35.19,1.8,0.89,-,86.06,0.845,34.61538462,55.38461538,10,0.00E+00
Argentina,9/1/2022,35.19,1.71,0.902,-,86.11,0.845,1.863354037,33.54037267,59.00621118,5.590062112
Argentina,10/1/2022,35.19,1.62,0.933,-,86.29,0.845,1.45631068,41.74757282,50,6.796116505
Argentina,11/1/2022,35.19,1.54,0.943,-,86.44,0.845,27.13178295,58.13953488,14.72868217,0.00E+00
Argentina,12/1/2022,35.19,1.47,1.015,-,86.59,0.845,30.70175439,58.77192982,10.52631579,0.00E+00
Argentina,13/1/2022,35.19,1.41,1.322,-,86.73,0.845,1.619433198,33.19838057,60.72874494,4.453441296
Argentina,14/1/2022,35.19,1.35,1.482,-,86.84,0.845,1.324503311,36.42384106,54.30463576,7.947019868
Argentina,15/1/2022,35.19,1.3,1.641,-,86.89,0.845,0.497512438,35.82089552,55.72139303,7.960199005
Argentina,16/1/2022,35.19,1.24,1.717,-,86.91,0.845,1.6,38.4,50.4,9.6
Argentina,17/1/2022,35.19,1.19,2.155,-,87.03,0.845,0.954653938,33.8902148,58.94988067,6.205250597
Argentina,18/1/2022,35.19,1.13,2.584,-,87.14,0.845,0.460829493,36.86635945,57.14285714,5.529953917
Argentina,19/1/2022,35.19,1.09,3.001,-,87.24,0.845,0.811359026,32.65720081,58.82352941,7.707910751
Argentina,20/1/2022,35.19,1.06,3.136,-,87.34,0.845,29.57198444,61.47859922,8.949416342,0.00E+00
Argentina,21/1/2022,35.19,1.03,3.345,-,87.43,0.845,0.94637224,37.53943218,54.88958991,6.624605678
Argentina,22/1/2022,35.19,1,3.49,-,87.47,0.845,1.834862385,36.69724771,54.49541284,6.972477064
Argentina,23/1/2022,35.19,0.95,3.533,-,87.49,0.845,29.26829268,58.1300813,12.60162602,0.00E+00
Argentina,24/1/2022,35.19,0.89,3.8,-,87.59,0.845,29.6,64,6.4,0.00E+00
Australia,1/1/2022,40.28,2.2,0.371,-,79.28,0.944,0.878022423,47.12954208,46.19748751,5.794947994
Australia,2/1/2022,40.28,2.17,0.388,-,79.34,0.944,0.980392157,48.57142857,45.44817927,5
Australia,3/1/2022,40.28,2.17,0.377,-,79.35,0.944,0.972682119,54.19081126,37.70695364,7.12955298
Australia,4/1/2022,40.28,2.17,0.443,-,79.4,0.944,0.852951211,47.20232003,43.50051177,8.444216991
Australia,5/1/2022,40.28,2.11,0.432,-,79.45,0.944,1.196627686,46.20614631,45.54664128,7.050584716
Australia,6/1/2022,45.83,2.04,0.454,-,79.51,0.944,0.740375123,56.1627415,38.40784093,4.689042448
Australia,7/1/2022,45.83,1.98,0.465,-,79.56,0.944,0.775040727,50.34309128,43.49607543,5.385792566
Australia,8/1/2022,45.83,1.89,0.604,-,79.59,0.944,0.901785714,46.19642857,46.25,6.651785714
Australia,9/1/2022,45.83,1.78,0.67,-,79.61,0.944,0.840925018,52.49552285,40.48119598,6.182356147
Australia,10/1/2022,45.83,1.68,0.803,-,79.8,0.944,0.993733781,52.96537756,40.04050889,6.000379771
Australia,11/1/2022,40.28,1.6,0.969,-,80.05,0.944,0.78384082,49.04029746,43.78454427,6.391317456
Australia,12/1/2022,40.28,1.54,1.219,-,80.33,0.944,0.754992694,51.75353142,41.45153434,6.039941549
Australia,13/1/2022,45.83,1.43,1.39,-,80.6,0.944,0.787969591,48.78752566,45.13068087,5.293823872
Australia,14/1/2022,45.83,1.31,1.573,-,80.88,0.944,1.083417204,50.79036173,43.26564443,4.860576638
Australia,15/1/2022,45.83,1.22,1.701,-,81.07,0.944,0.96798213,53.42803139,37.07543387,8.528552609
Australia,16/1/2022,45.83,1.13,1.69,-,81.19,0.944,0.985177151,46.89985539,43.23029646,8.884671005
Australia,17/1/2022,63.43,1.04,1.983,-,81.47,0.944,1.129143382,47.77998928,43.96003981,7.130827528
Australia,18/1/2022,63.43,0.97,2.094,-,81.74,0.944,0.753652478,56.95339144,37.50157888,4.791377205
Australia,19/1/2022,63.43,0.9,2.039,-,82.01,0.944,0.800947207,49.73533918,43.87449506,5.589218554
Australia,20/1/2022,63.43,0.86,2.249,-,82.28,0.944,0.838552171,47.59048933,44.48041609,7.090542405
Australia,21/1/2022,63.43,0.83,2.338,-,82.54,0.944,1.010830325,51.57641396,40.88086643,6.53188929
Australia,22/1/2022,66.2,0.83,2.482,-,82.69,0.944,0.919870037,52.20051479,40.57133212,6.30828305
Australia,23/1/2022,66.2,0.82,2.526,-,82.8,0.944,0.784781517,49.52913109,43.35133099,6.334756404
Australia,24/1/2022,66.2,0.81,2.532,-,83.04,0.944,0.634170604,50.16165133,44.24272569,4.961452375
Brazil,1/1/2022,61.57,1.65,0.455,-,77.67,0.765,2.112676056,44.36619718,47.88732394,5.633802817
Brazil,2/1/2022,61.57,1.76,0.447,-,77.67,0.765,1.538461538,41.53846154,50,6.923076923
Brazil,3/1/2022,61.57,1.94,0.451,-,77.72,0.765,1.117318436,38.54748603,54.18994413,6.145251397
Brazil,4/1/2022,61.57,2.09,0.451,-,77.77,0.765,0.869565217,39.13043478,53.91304348,6.086956522
Brazil,5/1/2022,61.57,2.21,0.373,-,77.79,0.765,1.960784314,37.25490196,50.98039216,9.803921569
Brazil,6/1/2022,61.57,2.32,0.27,-,"",0.765,4.531722054,17.82477341,71.90332326,5.740181269
Brazil,7/1/2022,61.57,2.38,0.326,-,"",0.765,0.421940928,32.06751055,60.33755274,7.172995781
Brazil,8/1/2022,61.57,2.3,0.381,-,"",0.765,32.63157895,56.84210526,10.52631579,0.00E+00
Brazil,9/1/2022,61.57,2.2,0.567,-,77.86,0.765,1.234567901,33.95061728,55.55555556,9.259259259
Brazil,10/1/2022,61.57,2.13,0.596,-,77.91,0.765,38.75598086,49.76076555,11.48325359,0.00E+00
Brazil,11/1/2022,61.57,2.1,0.569,-,77.93,0.765,2.955665025,34.48275862,54.18719212,8.374384236
Brazil,12/1/2022,61.57,2.04,0.659,-,77.93,0.765,0.757575758,39.39393939,50.75757576,9.090909091
Brazil,13/1/2022,61.57,1.96,0.785,-,77.96,0.765,1.395348837,38.13953488,53.48837209,6.976744186
Brazil,14/1/2022,61.57,1.88,0.828,-,77.98,0.765,1.941747573,42.7184466,46.60194175,8.737864078
Brazil,15/1/2022,61.57,1.8,0.865,-,78,0.765,0.829875519,37.7593361,56.01659751,5.394190871
Brazil,16/1/2022,61.57,1.77,0.718,-,78.08,0.765,1.129943503,36.15819209,53.67231638,9.039548023
Brazil,17/1/2022,61.57,1.79,0.742,-,78.19,0.765,0.862068966,25.24630542,68.22660099,5.665024631
Brazil,18/1/2022,61.57,1.8,0.865,-,78.22,0.765,2.952755906,22.63779528,67.32283465,7.086614173
Brazil,19/1/2022,61.57,1.79,0.991,-,78.3,0.765,0.62992126,29.29133858,65.51181102,4.566929134
Brazil,20/1/2022,61.57,1.72,1.099,-,78.39,0.765,0.289017341,32.94797688,58.09248555,8.670520231
Brazil,21/1/2022,61.57,1.65,1.21,-,78.45,0.765,0.630914826,35.6466877,55.20504732,8.517350158
Brazil,22/1/2022,61.57,1.61,1.307,-,78.51,0.765,0.156739812,34.169279,55.01567398,10.65830721
Brazil,23/1/2022,61.57,1.56,1.364,-,78.55,0.765,1.944444444,36.38888889,52.77777778,8.888888889
Brazil,24/1/2022,61.57,1.49,1.441,-,78.67,0.765,0.775193798,34.10852713,61.24031008,3.875968992
Canada,1/1/2022,74.54,1.49,1.111,-,83.36,0.929,0.858025398,46.64226061,46.98547077,5.514243222
Canada,2/1/2022,74.54,1.43,1.238,-,83.37,0.929,0.921901752,48.39984196,43.54010273,7.138153562
Canada,3/1/2022,78.24,1.37,1.396,-,83.38,0.929,0.824148545,46.34097905,46.18210704,6.652765366
Canada,4/1/2022,78.24,1.32,1.539,-,83.48,0.929,0.651019359,44.23505225,44.86893952,10.24498886
Canada,5/1/2022,78.24,1.27,1.824,-,83.54,0.929,0.731060952,47.17170794,46.0294252,6.067805903
Canada,6/1/2022,78.24,1.23,2.03,-,83.59,0.929,1.066786195,44.87673689,47.83505155,6.22142537
Canada,7/1/2022,78.24,1.19,2.233,-,83.67,0.929,0.874726648,43.71290222,48.5004686,6.91190253
Canada,8/1/2022,78.24,1.15,2.3,-,83.71,0.929,0.92686996,44.83269997,46.29715451,7.943275558
Canada,9/1/2022,78.24,1.12,2.526,-,83.76,0.929,0.942655145,47.60408484,44.95068517,6.502574845
Canada,10/1/2022,78.24,1.08,2.807,-,83.83,0.929,1.250106302,46.27094141,45.93077643,6.548175865
Canada,11/1/2022,78.24,1.03,3.096,-,83.89,0.929,0.781686209,49.22761958,43.98846082,6.002233389
Canada,12/1/2022,78.24,0.98,3.239,-,83.95,0.929,0.770585645,47.66622633,45.59665346,5.966534566
Canada,13/1/2022,78.24,0.95,3.498,-,84.03,0.929,0.937126146,47.59404493,46.14515486,5.323674066
Canada,14/1/2022,78.24,0.92,3.764,-,84.1,0.929,0.864468864,48.45421245,43.73626374,6.945054945
Canada,15/1/2022,78.24,0.89,4.214,-,84.16,0.929,0.819232831,46.26751397,46.41298522,6.500267973
Canada,16/1/2022,78.24,0.87,4.102,-,84.21,0.929,0.755639516,44.20491166,44.97166352,10.06778531
Canada,17/1/2022,74.54,0.84,4.177,-,84.29,0.929,0.898321816,43.22145443,47.92694965,7.953274103
Canada,18/1/2022,70.83,0.81,4.256,-,84.33,0.929,1.141775553,44.04078642,48.29038955,6.52704848
Canada,19/1/2022,78.24,0.79,4.361,-,84.4,0.929,0.933774378,42.86058852,49.4211288,6.784508304
Canada,20/1/2022,78.24,0.77,4.413,-,84.42,0.929,0.933566223,44.66060351,46.99150756,7.414322713
Canada,21/1/2022,78.24,0.76,4.312,-,84.46,0.929,0.929081913,47.21825179,45.22264981,6.630016493
Canada,22/1/2022,78.24,0.76,4.113,-,84.51,0.929,1.12548861,45.87882464,46.13492384,6.860762906
Canada,23/1/2022,78.24,0.75,3.978,-,84.55,0.929,0.767263427,48.81167738,44.46385129,5.95720791
Canada,24/1/2022,78.24,0.75,3.933,-,84.61,0.929,0.766834412,48.5382219,44.05703331,6.637910376
China,1/1/2022,79.17,1.26,0,-,"",0.761,1.485148515,45.04950495,49.5049505,3.96039604
China,2/1/2022,79.17,1.19,0,-,"",0.761,42.92682927,53.17073171,3.902439024,0.00E+00
China,3/1/2022,79.17,1.19,0,-,"",0.761,0.790513834,37.54940711,58.89328063,2.766798419
China,4/1/2022,79.17,1.15,0,-,"",0.761,0.909090909,42.72727273,51.81818182,4.545454545
China,5/1/2022,79.17,1.14,0,-,"",0.761,1.259445844,37.78337531,55.16372796,5.793450882
China,6/1/2022,79.17,1.11,0,-,"",0.761,0.746268657,29.85074627,64.92537313,4.47761194
China,7/1/2022,79.17,1.09,0,-,87.4,0.761,1.777777778,32.22222222,62.22222222,3.777777778
China,8/1/2022,79.17,1.09,0,-,"",0.761,1.76056338,33.09859155,57.74647887,7.394366197
China,9/1/2022,79.17,1.07,0,-,"",0.761,1.672240803,37.79264214,55.51839465,5.016722408
China,10/1/2022,79.17,1.05,0,-,"",0.761,0.516795866,40.82687339,55.55555556,3.100775194
China,11/1/2022,79.17,1.05,0,-,"",0.761,1.630434783,45.10869565,48.91304348,4.347826087
China,12/1/2022,79.17,1.01,0,-,"",0.761,1.27388535,37.57961783,57.32484076,3.821656051
China,13/1/2022,79.17,0.97,0,-,"",0.761,1.898734177,40.50632911,53.37552743,4.219409283
China,14/1/2022,79.17,0.94,0,-,87.5,0.761,1.598173516,43.15068493,51.59817352,3.652968037
China,15/1/2022,79.17,0.91,0,-,"",0.761,0.67114094,38.25503356,57.04697987,4.026845638
China,16/1/2022,79.17,0.89,0,-,"",0.761,0.476190476,41.9047619,52.85714286,4.761904762
China,17/1/2022,79.17,0.84,0,-,"",0.761,1.006711409,36.12975391,56.93512304,5.928411633
China,18/1/2022,79.17,0.8,0,-,"",0.761,0.540540541,34.77477477,61.08108108,3.603603604
China,19/1/2022,79.17,0.78,0,-,"",0.761,1.277139208,34.86590038,59.38697318,4.469987229
China,20/1/2022,79.17,0.79,0,-,"",0.761,0.936329588,32.39700375,59.5505618,7.116104869
China,21/1/2022,79.17,0.84,0,-,87.59,0.761,1.147227533,36.71128107,55.64053537,6.500956023
China,22/1/2022,79.17,0.91,0,-,"",0.761,0.491400491,42.50614251,53.07125307,3.931203931
China,23/1/2022,79.17,0.99,0,-,"",0.761,1.80878553,40.05167959,53.48837209,4.651162791
China,24/1/2022,64.35,1.04,0,-,"",0.761,40.42553191,54.89361702,4.680851064,0.00E+00
Egypt,1/1/2022,43.52,0.97,0.27,-,"",0.707,1.333333333,42.66666667,46.66666667,9.333333333
Egypt,2/1/2022,43.52,0.97,0.259,-,"",0.707,2.352941176,56.47058824,35.29411765,5.882352941
Egypt,3/1/2022,43.52,0.97,0.244,-,"",0.707,2.631578947,47.36842105,44.73684211,5.263157895
Egypt,4/1/2022,43.52,0.98,0.232,-,33.9,0.707,38.59649123,52.63157895,8.771929825,0.00E+00
Egypt,5/1/2022,43.52,0.99,0.23,-,"",0.707,37.5,53.90625,8.59375,0.00E+00
Egypt,6/1/2022,43.52,1.01,0.212,-,"",0.707,2.352941176,31.76470588,60,5.882352941
Egypt,7/1/2022,43.52,1.04,0.215,-,"",0.707,40.11299435,50.28248588,9.604519774,0.00E+00
Egypt,8/1/2022,43.52,1.06,0.233,-,34.45,0.707,37,59,4,0.00E+00
Egypt,9/1/2022,43.52,1.08,0.229,-,"",0.707,2.380952381,28.57142857,61.9047619,7.142857143
Egypt,10/1/2022,43.52,1.1,0.244,-,"",0.707,33.79310345,55.17241379,11.03448276,0.00E+00
Egypt,11/1/2022,43.52,1.12,0.244,-,"",0.707,1.904761905,37.14285714,51.42857143,9.523809524
Egypt,12/1/2022,43.52,1.13,0.245,-,"",0.707,28.57142857,57.14285714,14.28571429,0.00E+00
Egypt,13/1/2022,43.52,1.16,0.248,-,"",0.707,0.497512438,35.82089552,57.71144279,5.970149254
Egypt,14/1/2022,43.52,1.18,0.258,-,"",0.707,1.117318436,49.16201117,43.57541899,6.145251397
Egypt,15/1/2022,43.52,1.21,0.253,-,35.4,0.707,3.100775194,48.8372093,42.63565891,5.426356589
Egypt,16/1/2022,43.52,1.23,0.252,-,"",0.707,37.62376238,52.47524752,9.900990099,0.00E+00
Egypt,17/1/2022,43.52,1.24,0.252,-,"",0.707,0.609756098,30.28455285,62.19512195,6.910569106
Egypt,18/1/2022,43.52,1.25,0.262,-,"",0.707,1.117318436,32.40223464,62.5698324,3.910614525
Egypt,19/1/2022,43.52,1.26,0.269,-,"",0.707,0.883002208,33.11258278,58.05739514,7.947019868
Egypt,20/1/2022,43.52,1.27,0.27,-,"",0.707,0.701754386,35.43859649,59.29824561,4.561403509
Egypt,21/1/2022,43.52,1.28,0.263,-,36.02,0.707,1.041666667,38.02083333,56.25,4.6875
Egypt,22/1/2022,43.52,1.29,0.284,-,"",0.707,0.307692308,31.38461538,58.15384615,10.15384615
Egypt,23/1/2022,43.52,1.29,0.301,-,"",0.707,0.947867299,33.17535545,54.97630332,10.90047393
Egypt,24/1/2022,43.52,1.29,0.297,-,36.3,0.707,42.59259259,51.85185185,5.555555556,0.00E+00
France,1/1/2022,72.22,1.53,2.769,29.916,78.75,0.901,0.934579439,44.23676012,49.2211838,5.607476636
France,2/1/2022,72.22,1.51,2.759,30.035,78.75,0.901,0.906344411,44.10876133,47.73413897,7.250755287
France,3/1/2022,72.22,1.5,2.788,30.391,78.8,0.901,1.781170483,41.22137405,50.38167939,6.615776081
France,4/1/2022,72.22,1.5,2.918,31.028,78.85,0.901,0.970873786,39.48220065,51.77993528,7.766990291
France,5/1/2022,72.22,1.49,3.049,31.518,78.91,0.901,0.67643743,34.16009019,59.41375423,5.749718151
France,6/1/2022,72.22,1.47,3.098,33.164,78.97,0.901,1.716738197,38.62660944,51.93133047,7.725321888
France,7/1/2022,72.22,1.45,3.106,33.728,79.04,0.901,0.621118012,40.99378882,53.33850932,5.046583851
France,8/1/2022,72.22,1.43,3.174,34.41,79.08,0.901,0.927643785,35.62152134,57.3283859,6.12244898
France,9/1/2022,69.44,1.4,3.172,35.152,79.1,0.901,0.621118012,37.47412008,55.90062112,6.004140787
France,10/1/2022,69.44,1.37,3.193,35.567,79.15,0.901,1.161665053,41.23910939,51.11326234,6.485963214
France,11/1/2022,69.44,1.34,3.172,36.042,79.2,0.901,0.891265597,43.85026738,50.4456328,4.812834225
France,12/1/2022,69.44,1.31,3.172,35.819,79.26,0.901,1.185770751,40.71146245,52.70092227,5.401844532
France,13/1/2022,69.44,1.29,3.216,34.692,79.31,0.901,0.731707317,40.97560976,52.92682927,5.365853659
France,14/1/2022,69.44,1.27,3.212,33.98,79.36,0.901,1.220657277,41.12676056,51.7370892,5.915492958
France,15/1/2022,69.44,1.25,3.225,33.609,79.4,0.901,0.968523002,41.56577885,51.41242938,6.053268765
France,16/1/2022,69.44,1.24,3.206,33.135,79.41,0.901,0.820793434,36.5253078,44.87004104,17.78385773
France,17/1/2022,69.44,1.22,3.276,32.764,79.44,0.901,0.868263473,32.30538922,61.19760479,5.628742515
France,18/1/2022,69.44,1.21,3.348,30.91,79.48,0.901,1.069518717,37.09893048,54.67914439,7.152406417
France,19/1/2022,69.44,1.19,2.852,30.153,79.52,0.901,0.716064757,40.97135741,52.86425903,5.448318804
France,20/1/2022,69.44,1.17,3.356,29.664,79.55,0.901,0.767414404,34.35655254,59.68122786,5.194805195
France,21/1/2022,69.44,1.15,3.445,29.946,79.58,0.901,0.988793672,37.6400791,55.24060646,6.130520765
France,22/1/2022,69.44,1.13,3.486,29.886,79.61,0.901,0.827015851,41.14403859,50.68917988,7.339765679
France,23/1/2022,69.44,1.1,3.558,30.242,79.62,0.901,1.00565682,41.2319296,52.67127593,5.091137649
France,24/1/2022,69.44,1.08,3.727,29.975,79.64,0.901,0.306748466,44.78527607,47.2392638,7.668711656
Germany,1/1/2022,84.26,0.99,3.121,17.771,73.72,0.947,0.396825397,42.46031746,51.19047619,5.952380952
Germany,2/1/2022,84.26,1.05,3.05,17.545,73.74,0.947,43.29501916,52.49042146,4.214559387,0.00E+00
Germany,3/1/2022,84.26,1.14,3.048,17.056,73.79,0.947,1.129943503,39.83050847,52.54237288,6.497175141
Germany,4/1/2022,84.26,1.22,3.021,16.901,73.86,0.947,1.587301587,38.49206349,49.20634921,10.71428571
Germany,5/1/2022,84.26,1.3,2.905,16.698,73.93,0.947,0.760456274,40.81115336,49.55640051,8.871989861
Germany,6/1/2022,84.26,1.32,3.007,16.627,73.99,0.947,1.455301455,44.90644491,48.44074844,5.197505198
Germany,7/1/2022,84.26,1.32,2.907,16.984,74.06,0.947,1.102629347,34.18150975,57.2519084,7.463952502
Germany,8/1/2022,84.26,1.33,3.05,16.377,74.11,0.947,0.704225352,40.37558685,54.92957746,3.990610329
Germany,9/1/2022,84.26,1.34,3.102,15.959,74.13,0.947,0.858369099,34.7639485,56.86695279,7.510729614
Germany,10/1/2022,84.26,1.34,3.075,15.423,74.18,0.947,1.311084625,41.47794994,50.41716329,6.793802145
Germany,11/1/2022,84.26,1.35,3.017,14.922,74.24,0.947,0.222717149,42.76169265,49.66592428,7.349665924
Germany,12/1/2022,84.26,1.38,3.082,14.279,74.31,0.947,1.089918256,38.69209809,52.58855586,7.629427793
Germany,13/1/2022,84.26,1.38,2.866,14.052,74.38,0.947,1.414581066,39.93471164,52.33949946,6.311207835
Germany,14/1/2022,84.26,1.4,2.903,13.349,74.45,0.947,0.556173526,43.82647386,49.49944383,6.117908788
Germany,15/1/2022,84.26,1.39,2.847,13.051,74.52,0.947,0.761179829,39.20076118,52.71170314,7.326355852
Germany,16/1/2022,84.26,1.39,2.796,13.004,74.55,0.947,1.075268817,37.99283154,48.56630824,12.3655914
Germany,17/1/2022,84.26,1.4,2.758,12.634,74.59,0.947,1.449275362,39.01601831,50.91533181,8.619374523
Germany,18/1/2022,84.26,1.42,2.539,12.443,74.65,0.947,1.129146083,37.96753705,54.05786874,6.84544813
Germany,19/1/2022,84.26,1.45,2.292,12.348,74.72,0.947,0.942684766,36.50075415,56.18401207,6.37254902
Germany,20/1/2022,84.26,1.48,2.152,12.193,74.79,0.947,1.608187135,35.5994152,56.35964912,6.432748538
Germany,21/1/2022,84.26,1.48,1.955,12.324,74.86,0.947,1.007919366,34.48524118,57.01943844,7.487401008
Germany,22/1/2022,84.26,1.48,1.859,12.551,74.9,0.947,1.020861074,41.36706613,50.11096316,7.501109632
Germany,23/1/2022,84.26,1.45,1.871,12.491,74.92,0.947,0.838574423,39.76240391,51.85185185,7.547169811
Germany,24/1/2022,84.26,1.44,1.868,13.206,74.95,0.947,0.647249191,44.66019417,49.51456311,5.177993528
Hong Kong,1/1/2022,55.56,"",0,-,64.66,0.949,33.63636364,60,6.363636364,0.00E+00
Hong Kong,2/1/2022,55.56,"",0,-,64.76,0.949,0.806451613,42.74193548,51.61290323,4.838709677
Hong Kong,3/1/2022,55.56,"",0,-,65,0.949,0.598802395,37.7245509,58.68263473,2.994011976
Hong Kong,4/1/2022,55.56,"",0,-,65.24,0.949,41.50943396,52.83018868,5.660377358,0.00E+00
Hong Kong,5/1/2022,55.56,"",0,-,65.48,0.949,0.367647059,30.88235294,60.29411765,8.455882353
Hong Kong,6/1/2022,55.56,"",0,-,65.72,0.949,0.793650794,30.15873016,60.31746032,8.73015873
Hong Kong,7/1/2022,62.04,"",0,-,66,0.949,0.157977883,50.39494471,46.44549763,3.001579779
Hong Kong,8/1/2022,62.04,"",0,-,66.22,0.949,48.91891892,45.94594595,5.135135135,0.00E+00
Hong Kong,9/1/2022,62.04,"",0,-,66.36,0.949,0.784313725,43.92156863,50.19607843,5.098039216
Hong Kong,10/1/2022,62.04,"",0,-,66.62,0.949,0.634249471,36.15221987,57.92811839,5.285412262
Hong Kong,11/1/2022,65.74,"",0,-,66.88,0.949,0.423728814,33.89830508,62.71186441,2.966101695
Hong Kong,12/1/2022,65.74,"",0,-,67.12,0.949,34.74178404,63.38028169,1.877934272,0.00E+00
Hong Kong,13/1/2022,65.74,"",0,-,67.35,0.949,35.02673797,59.62566845,5.347593583,0.00E+00
Hong Kong,14/1/2022,65.74,"",0,-,67.62,0.949,1.533742331,37.73006135,56.13496933,4.601226994
Hong Kong,15/1/2022,65.74,"",0,-,67.83,0.949,0.898203593,33.23353293,61.37724551,4.491017964
Hong Kong,16/1/2022,65.74,"",0,-,67.96,0.949,39.30348259,52.73631841,7.960199005,0.00E+00
Hong Kong,17/1/2022,65.74,"",0,-,68.19,0.949,0.547445255,31.93430657,59.67153285,7.846715328
Hong Kong,18/1/2022,65.74,"",0,-,68.4,0.949,0.866336634,39.6039604,54.57920792,4.95049505
Hong Kong,19/1/2022,65.74,"",0,-,68.61,0.949,0.214132762,47.96573876,48.71520343,3.104925054
Hong Kong,20/1/2022,65.74,"",0,-,68.81,0.949,44.70588235,51.32352941,3.970588235,0.00E+00
Hong Kong,21/1/2022,65.74,"",0,-,69.09,0.949,0.713012478,40.81996435,54.36720143,4.099821747
Hong Kong,22/1/2022,65.74,"",0,-,69.31,0.949,0.737100737,37.34643735,55.77395577,6.142506143
Hong Kong,23/1/2022,65.74,"",0,-,69.46,0.949,0.573613767,33.46080306,63.28871893,2.676864245
Hong Kong,24/1/2022,65.74,"",0,-,69.71,0.949,0.492610837,31.03448276,60.591133,7.881773399
India,1/1/2022,59.72,2.29,0.214,-,60.78,0.645,0.396583282,29.83526541,58.87736425,10.89078707
India,2/1/2022,59.72,2.42,0.194,-,60.83,0.645,0.575296108,34.99153976,55.02538071,9.407783418
India,3/1/2022,72.69,2.55,0.177,-,61.19,0.645,0.844370861,30.44701987,59.85099338,8.857615894
India,4/1/2022,72.69,2.68,0.201,-,61.56,0.645,0.476758045,38.33929281,51.68851808,9.495431069
India,5/1/2022,72.69,2.77,0.207,-,62.04,0.645,0.519827714,34.96212684,56.23050646,8.287538987
India,6/1/2022,72.69,2.76,0.215,-,62.51,0.645,0.615132253,27.70145581,62.08734878,9.596063154
India,7/1/2022,72.69,2.68,0.203,-,63.13,0.645,0.312284973,26.32721114,62.57873286,10.78177103
India,8/1/2022,72.69,2.55,0.207,-,63.22,0.645,0.872938894,26.63786262,65.56741028,6.921788202
India,9/1/2022,72.69,2.4,0.209,-,63.6,0.645,0.627503338,25.71428571,64.93991989,8.718291055
India,10/1/2022,72.69,2.25,0.225,-,63.83,0.645,3.427048879,26.63542815,61.68687982,8.250643146
India,11/1/2022,72.69,2.12,0.216,-,64.29,0.645,0.711574953,30.7084124,58.9658444,9.614168248
India,12/1/2022,72.69,2.01,0.221,-,64.5,0.645,0.67781944,28.33862129,59.02797808,11.95558119
India,13/1/2022,72.69,1.9,0.233,-,64.81,0.645,0.462516863,25.0915398,64.52110233,9.92484101
India,14/1/2022,72.69,1.8,0.235,-,64.88,0.645,0.770178681,29.52865065,60.6900801,9.011090573
India,15/1/2022,72.69,1.69,0.233,-,65.16,0.645,0.542605614,32.88300759,59.79735341,6.777033387
India,16/1/2022,72.69,1.6,0.258,-,65.34,0.645,0.545198734,26.72353148,57.85262047,14.87864931
India,17/1/2022,72.69,1.53,0.261,-,65.49,0.645,0.57233812,33.71037659,57.48442157,8.232863723
India,18/1/2022,72.69,1.47,0.261,-,65.49,0.645,0.425790754,29.06782238,60.89187956,9.614507299
India,19/1/2022,83.8,1.42,0.273,-,65.96,0.645,0.423006296,27.04944911,62.57214061,9.955403987
India,20/1/2022,83.8,1.37,0.302,-,66.17,0.645,0.728474016,26.18271145,64.96548219,8.123332345
India,21/1/2022,83.8,1.32,0.321,-,66.42,0.645,0.463387036,27.12430627,65.00350234,7.408804354
India,22/1/2022,83.8,1.25,0.343,-,66.61,0.645,2.257257037,27.7677748,60.79662729,9.178340872
India,23/1/2022,83.8,1.19,0.348,-,66.74,0.645,0.700071304,29.72061969,59.22084657,10.35846244
India,24/1/2022,83.8,1.12,0.379,-,66.77,0.645,0.488258545,28.55149965,57.35875378,13.60148803
Italy,1/1/2022,76.85,1.84,2.326,13.55,80.18,0.892,49.0797546,42.33128834,8.588957055,0.00E+00
Italy,2/1/2022,76.85,1.69,2.449,13.865,80.26,0.892,0.689655172,46.20689655,48.27586207,4.827586207
Italy,3/1/2022,76.85,1.67,2.445,13.915,80.36,0.892,0.662251656,49.00662252,49.00662252,1.324503311
Italy,4/1/2022,76.85,1.69,2.579,14.478,80.49,0.892,38.97058824,41.17647059,19.85294118,0.00E+00
Italy,5/1/2022,76.85,1.66,2.804,14.577,80.61,0.892,0.955414013,36.94267516,54.77707006,7.324840764
Italy,6/1/2022,76.85,1.58,2.904,15.29,80.69,0.892,0.952380952,46.66666667,48.57142857,3.80952381
Italy,7/1/2022,76.85,1.45,3.065,15.306,80.82,0.892,0.88691796,38.80266075,55.21064302,5.099778271
Italy,8/1/2022,76.85,1.45,3.237,15.621,80.96,0.892,0.440528634,40.969163,52.42290749,6.167400881
Italy,9/1/2022,76.85,1.43,3.294,16.25,81.06,0.892,1.063829787,38.29787234,52.65957447,7.978723404
Italy,10/1/2022,76.85,1.38,3.5,16.433,81.18,0.892,1.002506266,41.60401003,50.12531328,7.268170426
Italy,11/1/2022,76.85,1.31,3.583,16.963,81.32,0.892,0.909090909,39.09090909,50.90909091,9.090909091
Italy,12/1/2022,76.85,1.24,3.777,17.36,81.45,0.892,0.35971223,38.84892086,51.43884892,9.352517986
Italy,13/1/2022,76.85,1.18,4.056,17.012,81.57,0.892,0.229357798,47.24770642,45.18348624,7.339449541
Italy,14/1/2022,76.85,1.18,4.38,17.278,81.7,0.892,0.531914894,44.41489362,49.46808511,5.585106383
Italy,15/1/2022,76.85,1.16,4.674,17.062,81.87,0.892,1.219512195,40.48780488,53.41463415,4.87804878
Italy,16/1/2022,76.85,1.14,4.889,16.83,81.97,0.892,1.149425287,34.48275862,42.91187739,21.4559387
Italy,17/1/2022,76.85,1.11,5.031,16.963,82.07,0.892,0.964320154,37.31918997,53.90549662,7.81099325
Italy,18/1/2022,76.85,1.09,5.362,16.383,82.17,0.892,0.863557858,41.62348877,52.15889465,5.354058722
Italy,19/1/2022,76.85,1.06,5.521,16.019,82.26,0.892,0.841750842,39.14141414,55.38720539,4.62962963
Italy,20/1/2022,76.85,1.03,5.684,16.002,82.35,0.892,0.299850075,39.28035982,53.22338831,7.196401799
Italy,21/1/2022,76.85,1.02,5.715,16.201,82.44,0.892,1.500938086,38.46153846,52.53283302,7.504690432
Italy,22/1/2022,76.85,1,5.774,15.869,82.56,0.892,0.911577028,37.01002735,54.60346399,7.474931632
Italy,23/1/2022,76.85,0.99,5.724,15.936,82.63,0.892,0.529100529,38.62433862,52.02821869,8.818342152
Italy,24/1/2022,76.85,0.97,5.878,15.588,82.69,0.892,1.136363636,51.70454545,40.90909091,6.25
Japan,1/1/2022,47.22,1.7,0.007,-,"",0.919,1.418439716,31.56028369,60.63829787,6.382978723
Japan,2/1/2022,47.22,2.06,0.009,-,"",0.919,1.204819277,40.562249,46.58634538,11.64658635
Japan,3/1/2022,47.22,2.66,0.01,-,"",0.919,1,35,57,7
Japan,4/1/2022,47.22,3.35,0.009,-,"",0.919,1.234567901,34.1563786,57.20164609,7.407407407
Japan,5/1/2022,47.22,4.17,0.006,-,"",0.919,1.397205589,32.53493014,58.28343313,7.784431138
Japan,6/1/2022,47.22,4.54,0.007,-,"",0.919,0.904977376,31.90045249,62.44343891,4.751131222
Japan,7/1/2022,47.22,4.34,0.008,-,"",0.919,0.755667506,29.09319899,63.7279597,6.423173804
Japan,8/1/2022,47.22,3.88,0.01,-,"",0.919,1.265822785,32.27848101,58.86075949,7.594936709
Japan,9/1/2022,47.22,3.19,0.009,-,"",0.919,1.470588235,30.46218487,61.97478992,6.092436975
Japan,10/1/2022,47.22,2.61,0.01,-,80.23,0.919,1.236476043,34.93044822,56.72333849,7.109737249
Japan,11/1/2022,47.22,2.33,0.011,-,80.25,0.919,1.639344262,39.3442623,53.39578454,5.620608899
Japan,12/1/2022,47.22,2.56,0.016,-,80.25,0.919,2.857142857,28.97959184,62.44897959,5.714285714
Japan,13/1/2022,47.22,2.74,0.019,-,80.26,0.919,1.343283582,31.19402985,60.89552239,6.567164179
Japan,14/1/2022,47.22,2.71,0.031,-,"",0.919,1.538461538,39.38461538,52.15384615,6.923076923
Japan,15/1/2022,47.22,2.57,0.035,-,"",0.919,0.927152318,35.09933775,56.29139073,7.682119205
Japan,16/1/2022,47.22,2.4,0.034,-,80.3,0.919,0.650759219,38.82863341,53.14533623,7.37527115
Japan,17/1/2022,47.22,2.23,0.036,-,80.3,0.919,1.861702128,35.10638298,55.23049645,7.80141844
Japan,18/1/2022,47.22,2.2,0.045,-,80.32,0.919,0.923787529,28.75288684,65.47344111,4.849884527
Japan,19/1/2022,47.22,2.07,0.057,-,80.33,0.919,0.907029478,29.40287226,63.71882086,5.9712774
Japan,20/1/2022,47.22,1.95,0.062,-,80.35,0.919,0.971817298,32.16715258,59.76676385,7.094266278
Japan,21/1/2022,47.22,1.91,0.06,-,"",0.919,1.070663812,29.5503212,62.63383298,6.745182013
Japan,22/1/2022,47.22,1.86,0.073,-,"",0.919,0.980392157,35.20499109,56.32798574,7.486631016
Japan,23/1/2022,47.22,1.82,0.088,-,80.39,0.919,1.767676768,35.35353535,57.1969697,5.681818182
Japan,24/1/2022,47.22,1.8,0.103,-,80.4,0.919,0.952380952,31.11111111,57.77777778,10.15873016
New Zealand,1/1/2022,62.96,0.98,0.028,-,77.49,0.931,1.703163017,36.25304136,52.55474453,9.489051095
New Zealand,2/1/2022,62.96,0.98,0.028,-,77.49,0.931,0.694444444,38.65740741,51.15740741,9.490740741
New Zealand,3/1/2022,62.96,0.99,0.028,-,77.5,0.931,1.353637902,40.60913706,50.08460237,7.952622673
New Zealand,4/1/2022,62.96,0.99,0,-,77.5,0.931,0.970873786,30.58252427,59.46601942,8.980582524
New Zealand,5/1/2022,62.96,1,0,-,77.53,0.931,1.320132013,38.94389439,52.55775578,7.178217822
New Zealand,6/1/2022,62.96,1.01,0,-,77.56,0.931,1.244813278,41.90871369,48.9626556,7.883817427
New Zealand,7/1/2022,62.96,1.03,0,-,77.58,0.931,1.818181818,35.86206897,55.36050157,6.959247649
New Zealand,8/1/2022,62.96,1.06,0,-,77.6,0.931,1.910828025,38.47133758,51.84713376,7.770700637
New Zealand,9/1/2022,62.96,1.05,0,-,77.61,0.931,1.229508197,39.59016393,52.70491803,6.475409836
New Zealand,10/1/2022,62.96,1.05,0,-,77.63,0.931,1.673944687,42.57641921,49.56331878,6.186317322
New Zealand,11/1/2022,62.96,1.06,0.028,-,77.66,0.931,1.751152074,37.05069124,53.68663594,7.511520737
New Zealand,12/1/2022,62.96,1.06,0.028,-,77.69,0.931,1.524390244,39.32926829,45.42682927,13.7195122
New Zealand,13/1/2022,62.96,1.08,0.028,-,77.72,0.931,0.989119683,39.46587537,52.22551929,7.319485658
New Zealand,14/1/2022,62.96,1.09,0.028,-,77.75,0.931,0.846660395,39.69896519,50.70555033,8.748824083
New Zealand,15/1/2022,62.96,1.11,0.028,-,77.76,0.931,1.57635468,40.49261084,51.03448276,6.896551724
New Zealand,16/1/2022,62.96,1.12,0.028,-,77.78,0.931,1.449275362,34.65085639,52.96442688,10.93544137
New Zealand,17/1/2022,62.96,1.14,0.028,-,78.08,0.931,1.041173687,40.5584477,51.49077142,6.909607194
New Zealand,18/1/2022,60.19,1.17,0,-,78.36,0.931,1.28440367,43.91437309,47.70642202,7.094801223
New Zealand,19/1/2022,60.19,1.2,0,-,78.62,0.931,1.763964721,37.75724486,53.59092818,6.887862243
New Zealand,20/1/2022,60.19,1.21,0,-,78.88,0.931,1.712170292,39.70384081,51.22628413,7.357704766
New Zealand,21/1/2022,60.19,1.24,0,-,79.14,0.931,1.279813845,41.4194299,50.72716696,6.573589296
New Zealand,22/1/2022,60.19,1.26,0,-,79.35,0.931,1.671641791,35.97014925,54.62686567,7.731343284
New Zealand,23/1/2022,62.04,1.29,0,-,79.49,0.931,1.915041783,37.67409471,51.91504178,8.495821727
New Zealand,24/1/2022,62.04,1.32,0,-,79.79,0.931,1.867064974,40.40328603,51.00821509,6.721433906
Norway,1/1/2022,51.85,1.15,1.255,-,78.49,0.957,3.125,34.375,56.25,6.25
Norway,2/1/2022,51.85,1.21,1.255,7.452,78.49,0.957,50,42.30769231,7.692307692,0.00E+00
Norway,3/1/2022,51.85,1.27,1.228,-,78.5,0.957,2,56,34,8
Norway,4/1/2022,51.85,1.31,1.281,-,78.52,0.957,5.128205128,43.58974359,38.46153846,12.82051282
Norway,5/1/2022,51.85,1.33,1.15,-,78.56,0.957,1.369863014,40.4109589,49.31506849,8.904109589
Norway,6/1/2022,51.85,1.34,1.15,-,78.6,0.957,1.333333333,46.66666667,48,4
Norway,7/1/2022,51.85,1.34,1.176,-,78.62,0.957,0.636942675,38.21656051,51.59235669,9.554140127
Norway,8/1/2022,51.85,1.35,1.176,-,78.63,0.957,1.25,40,56.25,2.5
Norway,9/1/2022,51.85,1.36,1.176,5.962,78.63,0.957,2.53164557,41.7721519,45.56962025,10.12658228
Norway,10/1/2022,51.85,1.38,1.176,-,78.65,0.957,1.388888889,49.30555556,44.44444444,4.861111111
Norway,11/1/2022,51.85,1.4,1.124,-,78.67,0.957,41.53846154,50.76923077,7.692307692,0.00E+00
Norway,12/1/2022,51.85,1.42,0.601,-,78.71,0.957,1.041666667,48.95833333,40.625,9.375
Norway,13/1/2022,51.85,1.43,0.836,-,78.74,0.957,1.526717557,38.16793893,56.48854962,3.816793893
Norway,14/1/2022,48.15,1.44,0.81,-,78.76,0.957,0.775193798,48.8372093,41.08527132,9.302325581
Norway,15/1/2022,48.15,1.43,0.81,-,78.77,0.957,0.609756098,51.2195122,43.90243902,4.268292683
Norway,16/1/2022,48.15,1.43,0.81,3.353,78.77,0.957,2.298850575,48.27586207,37.93103448,11.49425287
Norway,17/1/2022,48.15,1.43,0.836,-,78.78,0.957,1.170960187,40.28103044,50.58548009,7.962529274
Norway,18/1/2022,48.15,1.43,0.863,"",78.8,0.957,2.298850575,39.08045977,52.87356322,5.747126437
Norway,19/1/2022,48.15,1.43,1.045,"",78.83,0.957,1.834862385,33.94495413,55.65749235,8.562691131
Norway,20/1/2022,48.15,1.44,0.836,"",78.86,0.957,0.448430493,43.04932735,50.67264574,5.829596413
Norway,21/1/2022,48.15,1.45,0.863,"",78.87,0.957,2.232142857,35.26785714,52.23214286,10.26785714
Norway,22/1/2022,48.15,1.42,0.863,"",78.88,0.957,1.017811705,42.23918575,47.32824427,9.41475827
Norway,23/1/2022,48.15,1.39,0.863,4.471,78.88,0.957,0.507614213,46.1928934,45.17766497,8.121827411
Norway,24/1/2022,48.15,1.36,0.836,-,78.89,0.957,46.2962963,48.14814815,5.555555556,0.00E+00
Singapore,1/1/2022,50,1.22,0.21,"",87.24,0.938,0.641025641,39.1025641,51.92307692,8.333333333
Singapore,2/1/2022,50,1.3,0.183,"",87.36,0.938,2.4,25.6,60,12
Singapore,3/1/2022,50,1.37,0.105,"",87.54,0.938,0.555555556,33.33333333,58.88888889,7.222222222
Singapore,4/1/2022,50,1.43,0.183,"",87.63,0.938,1.041666667,35.41666667,55.20833333,8.333333333
Singapore,5/1/2022,50,1.45,0.21,"",87.66,0.938,0.980392157,28.10457516,61.11111111,9.803921569
Singapore,6/1/2022,50,1.46,0.21,"",87.78,0.938,1.805054152,35.01805054,57.76173285,5.415162455
Singapore,7/1/2022,50,1.44,0.183,"",87.94,0.938,0.69124424,29.26267281,62.44239631,7.603686636
Singapore,8/1/2022,50,1.54,0.21,"",88.13,0.938,2.255639098,24.06015038,65.78947368,7.894736842
Singapore,9/1/2022,50,1.52,0.236,"",88.3,0.938,1.123595506,29.21348315,62.54681648,7.116104869
Singapore,10/1/2022,50,1.49,0.236,"",88.39,0.938,1.639344262,30.6010929,61.20218579,6.557377049
Singapore,11/1/2022,50,1.47,0.157,"",88.45,0.938,1.030927835,34.53608247,51.54639175,12.88659794
Singapore,12/1/2022,50,1.47,0.131,"",88.54,0.938,0.537634409,26.34408602,63.97849462,9.139784946
Singapore,13/1/2022,50,1.49,0.105,"",88.67,0.938,0.789473684,30.78947368,61.31578947,7.105263158
Singapore,14/1/2022,50,1.51,0.131,"",88.84,0.938,2.083333333,29.16666667,59.22619048,9.523809524
Singapore,15/1/2022,50,1.58,0.157,"",89.04,0.938,1.265822785,32.27848101,59.17721519,7.278481013
Singapore,16/1/2022,50,1.66,0.131,"",89.2,0.938,0.487804878,31.2195122,60.97560976,7.317073171
Singapore,17/1/2022,50,1.76,0.131,"",89.27,0.938,1.047904192,27.24550898,63.0239521,8.682634731
Singapore,18/1/2022,60.19,1.88,0.131,"",89.33,0.938,1.926782274,36.03082852,56.45472062,5.587668593
Singapore,19/1/2022,60.19,2.02,0.131,"",89.4,0.938,1.063829787,30.24316109,60.79027356,7.902735562
Singapore,20/1/2022,60.19,2.18,0.157,"",89.49,0.938,2.056074766,24.85981308,65.98130841,7.102803738
Singapore,21/1/2022,60.19,2.37,0.157,"",89.62,0.938,1.569858713,24.0188383,68.91679749,5.494505495
Singapore,22/1/2022,60.19,2.18,0.105,"",89.77,0.938,1.428571429,31.78571429,60.89285714,5.892857143
Singapore,23/1/2022,60.19,2.04,0.131,"",89.89,0.938,0.70754717,31.60377358,56.13207547,11.55660377
Singapore,24/1/2022,60.19,1.92,0.131,"",89.95,0.938,1.507537688,23.61809045,65.32663317,9.547738693
South Africa,1/1/2022,44.44,0.72,1.011,"",31.55,0.709,1.156069364,43.93063584,52.02312139,2.89017341
South Africa,2/1/2022,44.44,0.72,0.985,"",31.55,0.709,0.840336134,37.81512605,50.42016807,10.92436975
South Africa,3/1/2022,44.44,0.74,1.149,"",31.61,0.709,0.894854586,43.62416107,50.78299776,4.697986577
South Africa,4/1/2022,49.07,0.75,1.42,"",31.75,0.709,54.42176871,40.81632653,4.761904762,0.00E+00
South Africa,5/1/2022,49.07,0.76,1.489,"","",0.709,0.890688259,38.3805668,53.52226721,7.206477733
South Africa,6/1/2022,49.07,0.74,"","","",0.709,0.747863248,35.8974359,58.22649573,5.128205128
South Africa,7/1/2022,49.07,0.74,1.323,"",31.91,0.709,3.262092238,32.50843645,57.93025872,6.299212598
South Africa,8/1/2022,49.07,0.73,1.48,"","",0.709,0.41322314,40.08264463,54.46280992,5.041322314
South Africa,9/1/2022,49.07,0.72,1.604,"",31.93,0.709,0.846023689,35.19458545,57.8680203,6.091370558
South Africa,10/1/2022,49.07,0.7,1.587,"","",0.709,0.598503741,55.21197007,40.29925187,3.890274314
South Africa,11/1/2022,49.07,0.69,1.539,"","",0.709,0.36101083,45.96871239,46.45006017,7.220216606
South Africa,12/1/2022,41.67,0.67,1.708,"","",0.709,0.402414487,40.34205231,52.81690141,6.438631791
South Africa,13/1/2022,41.67,0.65,2.087,"","",0.709,0.687929956,36.14759225,57.34834271,5.816135084
South Africa,14/1/2022,41.67,0.65,2.058,"","",0.709,0.663850332,37.83946892,53.95292698,7.543753772
South Africa,15/1/2022,41.67,0.64,2.158,"","",0.709,0.721020521,39.43427621,52.30171936,7.542983916
South Africa,16/1/2022,41.67,0.65,2.168,"","",0.709,0.405405405,50.27027027,39.59459459,9.72972973
South Africa,17/1/2022,41.67,0.65,2.191,"",32.01,0.709,0.813861906,38.0414807,54.76503019,6.379627199
South Africa,18/1/2022,41.67,0.65,2.194,"",32.07,0.709,2.019785655,32.64633141,59.97526793,5.358615004
South Africa,19/1/2022,41.67,0.64,1.763,"",32.13,0.709,2.088513178,33.39134759,58.92590751,5.594231726
South Africa,20/1/2022,41.67,0.72,2.039,"",32.19,0.709,0.761904762,40.22222222,54.15873016,4.857142857
South Africa,21/1/2022,41.67,0.72,1.98,"",32.25,0.709,0.653381248,34.85788958,58.31427638,6.174452793
South Africa,22/1/2022,41.67,0.72,1.868,"",32.27,0.709,0.542775911,51.77048333,42.8534505,4.833290256
South Africa,23/1/2022,41.67,0.74,1.934,"","",0.709,0.325732899,43.18287576,49.93020009,6.561191252
South Africa,24/1/2022,41.67,0.77,2.793,"",32.33,0.709,0.884955752,41.2979351,51.91740413,5.899705015
South Korea,1/1/2022,45.37,0.8,1.25,11.013,86.34,0.916,30.18867925,62.26415094,7.547169811,0.00E+00
South Korea,2/1/2022,45.37,0.81,1.197,"",86.34,0.916,36.06557377,57.37704918,6.557377049,0.00E+00
South Korea,3/1/2022,45.37,0.8,1.211,"",86.42,0.916,0.934579439,42.05607477,48.59813084,8.411214953
South Korea,4/1/2022,45.37,0.79,1.27,"",86.47,0.916,29.26829268,56.09756098,14.63414634,0.00E+00
South Korea,5/1/2022,45.37,0.78,1.203,"",86.51,0.916,1.149425287,32.18390805,58.62068966,8.045977011
South Korea,6/1/2022,45.37,0.78,1.027,"",86.55,0.916,48.68421053,44.73684211,6.578947368,0.00E+00
South Korea,7/1/2022,45.37,0.81,1.005,"",86.6,0.916,3.521126761,30.98591549,61.97183099,3.521126761
South Korea,8/1/2022,45.37,0.86,0.955,8.576,86.64,0.916,1.19047619,36.9047619,51.19047619,10.71428571
South Korea,9/1/2022,45.37,0.91,0.95,"",86.64,0.916,26.85185185,54.62962963,18.51851852,0.00E+00
South Korea,10/1/2022,45.37,0.94,0.927,"",86.69,0.916,2.962962963,45.18518519,43.7037037,8.148148148
South Korea,11/1/2022,45.37,0.95,0.913,"",86.73,0.916,0.917431193,27.52293578,63.30275229,8.256880734
South Korea,12/1/2022,45.37,0.97,0.899,"",86.76,0.916,3.225806452,25.80645161,59.67741935,11.29032258
South Korea,13/1/2022,45.37,1.03,0.911,"",86.79,0.916,0.961538462,28.84615385,60.57692308,9.615384615
South Korea,14/1/2022,45.37,1.07,0.821,"",86.84,0.916,0.617283951,40.12345679,53.7037037,5.555555556
South Korea,15/1/2022,45.37,1.11,0.76,6.023,86.86,0.916,1.123595506,39.3258427,52.80898876,6.741573034
South Korea,16/1/2022,45.37,1.16,0.73,"",86.86,0.916,36.76470588,51.47058824,11.76470588,0.00E+00
South Korea,17/1/2022,50.93,1.2,0.735,"",86.89,0.916,0.584795322,31.57894737,59.64912281,8.187134503
South Korea,18/1/2022,50.93,1.25,0.796,"",86.92,0.916,37.1257485,56.88622754,5.988023952,0.00E+00
South Korea,19/1/2022,50.93,1.33,0.752,"",86.94,0.916,2.702702703,28.82882883,64.41441441,4.054054054
South Korea,20/1/2022,50.93,1.38,0.674,"",86.96,0.916,1.960784314,34.31372549,53.92156863,9.803921569
South Korea,21/1/2022,50.93,1.43,0.691,"",86.99,0.916,1.025641026,26.66666667,57.43589744,14.87179487
South Korea,22/1/2022,50.93,1.51,0.64,4.386,87.01,0.916,2.643171806,48.01762115,41.85022026,7.488986784
South Korea,23/1/2022,50.93,1.59,0.646,"",87.01,0.916,1.612903226,27.41935484,61.29032258,9.677419355
South Korea,24/1/2022,50.93,1.68,0.585,"",87.03,0.916,20,71.76470588,8.235294118,0.00E+00
Taiwan,1/1/2022,20.37,1.36,0,"","","",5,23.33333333,61.66666667,10
Taiwan,2/1/2022,20.37,1.37,0,"",78.46,"",25,61.36363636,13.63636364,0.00E+00
Taiwan,3/1/2022,20.37,1.38,0,"",78.49,"",2.325581395,36.04651163,52.3255814,9.302325581
Taiwan,4/1/2022,20.37,1.39,0,"",78.53,"",41.17647059,47.05882353,11.76470588,0.00E+00
Taiwan,5/1/2022,20.37,1.39,0,"",78.57,"",0.67114094,37.58389262,54.36241611,7.382550336
Taiwan,6/1/2022,20.37,1.4,0,"",78.61,"",29.52380952,61.9047619,8.571428571,0.00E+00
Taiwan,7/1/2022,20.37,1.4,0,"",78.67,"",0.564971751,42.93785311,54.23728814,2.259887006
Taiwan,8/1/2022,20.37,1.4,0,"","","",33,57,10,0.00E+00
Taiwan,9/1/2022,20.37,1.39,0,"","","",1.19047619,15.47619048,77.38095238,5.952380952
Taiwan,10/1/2022,20.37,1.38,0,"","","",1.047120419,32.46073298,60.20942408,6.282722513
Taiwan,11/1/2022,20.37,1.38,0,"","","",28.23529412,61.17647059,10.58823529,0.00E+00
Taiwan,12/1/2022,20.37,1.36,0,"",78.86,"",1.612903226,17.74193548,77.41935484,3.225806452
Taiwan,13/1/2022,20.37,1.34,0.006,"","","",1.960784314,25.49019608,66.66666667,5.882352941
Taiwan,14/1/2022,20.37,1.31,0.006,"",79,"",0.735294118,24.26470588,65.44117647,9.558823529
Taiwan,15/1/2022,20.37,1.3,0.006,"","","",1.587301587,30.68783069,47.08994709,20.63492063
Taiwan,16/1/2022,20.37,1.27,0.006,"",79.09,"",30.76923077,58.97435897,10.25641026,0.00E+00
Taiwan,17/1/2022,20.37,1.26,0.006,"",79.15,"",1.379310345,37.93103448,55.51724138,5.172413793
Taiwan,18/1/2022,20.37,1.24,0.006,"",79.22,"",0.913242009,29.6803653,63.01369863,6.392694064
Taiwan,19/1/2022,20.37,1.22,0.006,"",79.29,"",0.677966102,38.98305085,56.27118644,4.06779661
Taiwan,20/1/2022,20.37,1.2,0,"",79.36,"",0.507614213,32.99492386,57.8680203,8.629441624
Taiwan,21/1/2022,27.78,1.19,0,"",79.44,"",1.546391753,20.6185567,71.13402062,6.701030928
Taiwan,22/1/2022,27.78,1.18,0,"","","",1.459854015,32.48175182,59.12408759,6.934306569
Taiwan,23/1/2022,27.78,1.16,0,"",79.53,"",0.555555556,25,68.33333333,6.111111111
Taiwan,24/1/2022,27.78,1.14,0,"",79.63,"",18.47826087,69.56521739,11.95652174,0.00E+00
United Kingdom,1/1/2022,48.61,1.28,1.91,"",75.93,0.932,0.789715335,48.90725436,43.70982553,6.593204775
United Kingdom,2/1/2022,48.61,1.24,2.057,"",75.95,0.932,0.647189349,52.60724852,41.51257396,5.232988166
United Kingdom,3/1/2022,48.61,1.21,1.845,"",75.98,0.932,0.51147541,46.07213115,46.85901639,6.557377049
United Kingdom,4/1/2022,48.61,1.18,1.908,"",76.01,0.932,0.710659898,47.49238579,43.83756345,7.959390863
United Kingdom,5/1/2022,48.61,1.15,2.505,"",76.05,0.932,0.737680732,46.94600177,45.17556801,7.140749484
United Kingdom,6/1/2022,48.61,1.11,2.296,"",76.09,0.932,0.707986586,49.1367532,42.98844864,7.166811576
United Kingdom,7/1/2022,48.61,1.07,2.35,"",76.12,0.932,0.847782722,49.82737456,42.97989873,6.344943993
United Kingdom,8/1/2022,48.61,1.03,2.687,"",76.17,0.932,0.67555231,46.12013876,46.80482016,6.399488771
United Kingdom,9/1/2022,48.61,0.98,2.74,"",76.2,0.932,0.767263427,44.52563634,48.47156254,6.235537693
United Kingdom,10/1/2022,48.61,0.93,2.811,"",76.23,0.932,1.122572816,48.81674757,44.29105987,5.769619741
United Kingdom,11/1/2022,48.61,0.9,3.502,"",76.26,0.932,1.219828705,51.72592785,40.7215157,6.332727745
United Kingdom,12/1/2022,48.61,0.88,3.621,"",76.28,0.932,1.093928696,51.7328825,40.85326438,6.319924419
United Kingdom,13/1/2022,48.61,0.86,3.837,"",76.31,0.932,0.689200831,49.66806872,43.57168195,6.071048497
United Kingdom,14/1/2022,48.61,0.86,3.927,"",76.35,0.932,0.672234671,51.30882053,42.56976981,5.449174985
United Kingdom,15/1/2022,48.61,0.85,3.868,"",76.39,0.932,0.677623991,47.18137255,45.26744521,6.873558247
United Kingdom,16/1/2022,48.61,0.84,3.848,"",76.41,0.932,0.856164384,47.53424658,43.33047945,8.279109589
United Kingdom,17/1/2022,48.61,0.83,3.873,"",76.43,0.932,0.672180451,50.37593985,41.38496241,7.566917293
United Kingdom,18/1/2022,48.61,0.86,3.996,"",76.46,0.932,0.917641661,46.14877265,45.8304657,7.103119982
United Kingdom,19/1/2022,48.61,0.89,3.91,"",76.49,0.932,0.90457319,48.36258414,44.48889728,6.243945399
United Kingdom,20/1/2022,46.76,0.92,3.904,"",76.51,0.932,0.793096456,44.42692022,48.59518284,6.184800487
United Kingdom,21/1/2022,46.76,0.95,3.938,"",76.54,0.932,0.950480783,45.03006623,46.16620944,7.85324355
United Kingdom,22/1/2022,46.76,0.97,3.959,"",76.57,0.932,1.12002556,48.70779935,43.75199688,6.42017821
United Kingdom,23/1/2022,46.76,0.99,3.935,"",76.59,0.932,1.163697439,51.7215524,40.81638774,6.298362426
United Kingdom,24/1/2022,46.76,1,3.864,"",76.61,0.932,0.793650794,48.5958486,44.15954416,6.450956451
United States,1/1/2022,53.24,1.62,4.037,"",73.51,0.926,1.125738649,47.59144289,45.31378562,5.969032837
United States,2/1/2022,53.24,1.64,4.049,"",73.55,0.926,0.740946559,51.64397518,42.38214319,5.232935075
United States,3/1/2022,53.24,1.67,4.069,"",73.65,0.926,0.938422898,48.28185808,44.26043995,6.51927907
United States,4/1/2022,53.24,1.63,4.067,"",73.76,0.926,0.877848338,44.94770265,46.11038476,8.064064251
United States,5/1/2022,53.24,1.56,3.992,"",73.88,0.926,0.74935081,49.63274391,43.74180784,5.87609744
United States,6/1/2022,53.24,1.51,4.234,"",73.99,0.926,0.927213723,46.54612888,45.20166898,7.32498841
United States,7/1/2022,53.24,1.47,4.959,"",74.11,0.926,1.059358962,43.02314322,49.23404667,6.683451147
United States,8/1/2022,53.24,1.42,5.141,"",74.2,0.926,0.882384304,42.87694604,49.79739817,6.443271486
United States,9/1/2022,53.24,1.39,5.231,"",74.24,0.926,1.127569528,42.1070133,50.23579202,6.529625151
United States,10/1/2022,53.24,1.35,5.305,"",74.34,0.926,1.049791513,46.9364729,44.94971793,7.06401766
United States,11/1/2022,53.24,1.27,5.374,"",74.44,0.926,0.947380119,49.28877035,42.12090904,7.64294049
United States,12/1/2022,53.24,1.21,5.642,"",74.54,0.926,0.859022785,48.01389058,44.23662727,6.890459364
United States,13/1/2022,53.24,1.17,5.839,"",74.65,0.926,1.0669334,48.25164624,44.99249812,5.688922231
United States,14/1/2022,53.24,1.13,5.984,"",74.76,0.926,0.772948577,51.64895696,42.04662568,5.53146878
United States,15/1/2022,53.24,1.1,6.051,"",74.83,0.926,0.964764227,47.99024817,44.73755496,6.307432644
United States,16/1/2022,53.24,1.06,6.116,"",74.86,0.926,0.881850085,45.70922943,45.3852845,8.023635982
United States,17/1/2022,53.24,1.02,5.691,"",74.93,0.926,0.85059803,46.43743033,46.09799452,6.613977123
United States,18/1/2022,53.24,1.05,5.783,"",75,0.926,0.970443746,45.69743094,45.97527583,7.356849481
United States,19/1/2022,58.8,1.03,6.053,"",75.08,0.926,0.967921063,42.56887788,50.0576652,6.405535859
United States,20/1/2022,58.8,0.99,6.214,"",75.15,0.926,0.936210998,42.36397556,50.73339381,5.966419635
United States,21/1/2022,58.8,0.96,6.48,"",75.24,0.926,1.08226322,42.32602479,50.15420849,6.437503505
United States,22/1/2022,58.8,0.93,6.477,"",75.29,0.926,1.000219829,46.99634285,43.87178001,8.131657307
United States,23/1/2022,58.8,0.89,6.462,"",75.32,0.926,0.918461622,48.73643593,42.96842449,7.376677959
United States,24/1/2022,58.8,0.85,6.952,"",75.38,0.926,0.920594299,49.10428663,43.79398592,6.181133149
